Price,Review,Date,Rating,Rating_Value,URL
34.,"I ordered a size:M , and this is very well made I am 5'4"" and122 pounds, it fits perfect . The stitching is well done, the zipper is easy to zip, actually words cannot say how a lighter weight but not thin at all can look this nice, the fit is definitely not tight(not) oh I ordered this in black, can put full hands in the pockets, the gap logo on the inside is stitched all around no loose ends, it is quite pretty, well worth the money, I didn't have a problem at all with any shrinkage, washed in machine and fully dried it, order one, I am not getting any bonus for this review so, it fits like a hoodie should fit, not as I said tight at all!!","Reviewed in the United States on May 7, 2024",5.0 out of 5 stars,5.0,https://www.amazon.com/Gap-womens-Logo-Hoodie-Sweatshirt/dp/B09R2KNYZQ/ref=cm_cr_arp_d_product_top?ie=UTF8&th=1&psc=1
34.,"I wanted a go-to front zip hoodie to wear with casual jeans. This GAP hoodie is soft, well made, and very comfortable. (Nothing itchy or irritating) The strange thing is that it took two months to get to me. (I somewhat knew this when I ordered it as it gave me a window for delivery) I recently learned that these GAP hoodies are making a comeback and are now pretty popular among teenagers. (I am much, much older than a teenager. ) I wasn‚Äôt in a hurry for it so no big deal. If I wanted another one, I would most like go to a GAP store to see if they had them in stock. Happy with my purchase and would recommend this product.FYI-I am 5‚Äô6‚Äù 107 lbs purchased a small and it is loose fitting.","Reviewed in the United States on January 12, 2024",5.0 out of 5 stars,5.0,https://www.amazon.com/Gap-womens-Logo-Hoodie-Sweatshirt/dp/B09R2KNYZQ/ref=cm_cr_arp_d_product_top?ie=UTF8&th=1&psc=1
34.,"It looked short when I opened it, but it fits just right!","Reviewed in the United States on September 15, 2024",5.0 out of 5 stars,5.0,https://www.amazon.com/Gap-womens-Logo-Hoodie-Sweatshirt/dp/B09R2KNYZQ/ref=cm_cr_arp_d_product_top?ie=UTF8&th=1&psc=1
34.,"This was exactly what I pictured. It was thick enough and warm enough to wear this week during the transition weather.The zipper was great, easy to use. Love the color. Amazing fit.","Reviewed in the United States on May 25, 2024",5.0 out of 5 stars,5.0,https://www.amazon.com/Gap-womens-Logo-Hoodie-Sweatshirt/dp/B09R2KNYZQ/ref=cm_cr_arp_d_product_top?ie=UTF8&th=1&psc=1
34.,Fit good,"Reviewed in the United States on September 2, 2024",4.0 out of 5 stars,4.0,https://www.amazon.com/Gap-womens-Logo-Hoodie-Sweatshirt/dp/B09R2KNYZQ/ref=cm_cr_arp_d_product_top?ie=UTF8&th=1&psc=1
34.,"Lleg√≥ a super tiempo, debidamente empacada sin ning√∫n da√±o. Me encanta muy abrigadora y c√≥moda.","Reviewed in the United States on September 18, 2024",5.0 out of 5 stars,5.0,https://www.amazon.com/Gap-womens-Logo-Hoodie-Sweatshirt/dp/B09R2KNYZQ/ref=cm_cr_arp_d_product_top?ie=UTF8&th=1&psc=1
34.,"Gifted GD, and treated myself. Excellent quality. True to size.","Reviewed in the United States on August 11, 2024",5.0 out of 5 stars,5.0,https://www.amazon.com/Gap-womens-Logo-Hoodie-Sweatshirt/dp/B09R2KNYZQ/ref=cm_cr_arp_d_product_top?ie=UTF8&th=1&psc=1
34.,She loved. the quality and perfect  Very satisfied thank you,"Reviewed in the United States on August 10, 2024",5.0 out of 5 stars,5.0,https://www.amazon.com/Gap-womens-Logo-Hoodie-Sweatshirt/dp/B09R2KNYZQ/ref=cm_cr_arp_d_product_top?ie=UTF8&th=1&psc=1
34.,"Sudadera de marca , tiene calidad","Reviewed in Spain on June 9, 2024",4.0 out of 5 stars,4.0,https://www.amazon.com/Gap-womens-Logo-Hoodie-Sweatshirt/dp/B09R2KNYZQ/ref=cm_cr_arp_d_product_top?ie=UTF8&th=1&psc=1
34.,ŸÖŸà ŸÖÿπŸÇŸàŸÑ ÿßÿ∑ŸÑÿ® ÿ¨ÿßŸÉŸäÿ™ Ÿàÿ™ÿ¨Ÿäÿ®ŸàŸÑŸä ÿ®ŸÜÿ∑ŸÑŸàŸÜ . ÿßŸÑÿ±ÿ¨ÿßÿ° ÿ≥ÿ±ÿπÿ© ÿßŸÑÿ™ÿ®ÿØŸäŸÑ,"Reviewed in Saudi Arabia on October 24, 2023",1.0 out of 5 stars,1.0,https://www.amazon.com/Gap-womens-Logo-Hoodie-Sweatshirt/dp/B09R2KNYZQ/ref=cm_cr_arp_d_product_top?ie=UTF8&th=1&psc=1
34.,Size fits well.,"Reviewed in Singapore on December 18, 2023",5.0 out of 5 stars,5.0,https://www.amazon.com/Gap-womens-Logo-Hoodie-Sweatshirt/dp/B09R2KNYZQ/ref=cm_cr_arp_d_product_top?ie=UTF8&th=1&psc=1
34.,ŸÖŸÜÿßÿ≥ÿ® ÿ¨ÿØÿß,"Reviewed in Saudi Arabia on July 7, 2023",5.0 out of 5 stars,5.0,https://www.amazon.com/Gap-womens-Logo-Hoodie-Sweatshirt/dp/B09R2KNYZQ/ref=cm_cr_arp_d_product_top?ie=UTF8&th=1&psc=1
34.,"Lleg√≥ muy bien, en buen estado y en el tiempo establecido.","Reviewed in Mexico on June 17, 2024",5.0 out of 5 stars,5.0,https://www.amazon.com/Gap-womens-Logo-Hoodie-Sweatshirt/dp/B09R2KNYZQ/ref=cm_cr_arp_d_product_top?ie=UTF8&th=1&psc=1
25.,"The quality is good and it fits perfect,it looks good on my baby and it's worth the price","Reviewed in the United States on May 26, 2024",5.0 out of 5 stars,5.0,https://www.amazon.com/GAP-Short-Sleeve-Outfit-GALAXY/dp/B0B6DFY3ST/ref=cm_cr_arp_d_product_top?ie=UTF8&th=1&psc=1
25.,I love that these Gap fits my cousins baby very well the texture and material is very good not too thick just perfect for your baby its an everyday wear.Colour is same as picture.I l9ve the style dress your baby like a pro with Gap.,"Reviewed in the United States on May 5, 2024",5.0 out of 5 stars,5.0,https://www.amazon.com/GAP-Short-Sleeve-Outfit-GALAXY/dp/B0B6DFY3ST/ref=cm_cr_arp_d_product_top?ie=UTF8&th=1&psc=1
25.,My Son loved this outfit for my Grandson,"Reviewed in the United States on May 10, 2024",5.0 out of 5 stars,5.0,https://www.amazon.com/GAP-Short-Sleeve-Outfit-GALAXY/dp/B0B6DFY3ST/ref=cm_cr_arp_d_product_top?ie=UTF8&th=1&psc=1
25.,"Excelente calidad, muy buen producto, recomendado!","Reviewed in the United States on April 1, 2024",5.0 out of 5 stars,5.0,https://www.amazon.com/GAP-Short-Sleeve-Outfit-GALAXY/dp/B0B6DFY3ST/ref=cm_cr_arp_d_product_top?ie=UTF8&th=1&psc=1
25.,Excelente calidad y buen dise√±o,"Reviewed in the United States on March 17, 2024",5.0 out of 5 stars,5.0,https://www.amazon.com/GAP-Short-Sleeve-Outfit-GALAXY/dp/B0B6DFY3ST/ref=cm_cr_arp_d_product_top?ie=UTF8&th=1&psc=1
25.,Compr√© desde Per√∫ llego en la fecha indicada en perfecto estado el conjunto es de excelente calidad una belleza le qued√≥ perfecto a mi hijo de 4 a√±os,"Reviewed in the United States on December 6, 2023",5.0 out of 5 stars,5.0,https://www.amazon.com/GAP-Short-Sleeve-Outfit-GALAXY/dp/B0B6DFY3ST/ref=cm_cr_arp_d_product_top?ie=UTF8&th=1&psc=1
25.,Good fit.,"Reviewed in the United States on November 5, 2023",5.0 out of 5 stars,5.0,https://www.amazon.com/GAP-Short-Sleeve-Outfit-GALAXY/dp/B0B6DFY3ST/ref=cm_cr_arp_d_product_top?ie=UTF8&th=1&psc=1
25.,Muy c√≥modo y es fresco para climas c√°lidos lo recomiendo... Si lo necesitas para el fr√≠o tal ves no te sirva porque el pantal√≥n es de una tela delgada,"Reviewed in Mexico on December 18, 2023",5.0 out of 5 stars,5.0,https://www.amazon.com/GAP-Short-Sleeve-Outfit-GALAXY/dp/B0B6DFY3ST/ref=cm_cr_arp_d_product_top?ie=UTF8&th=1&psc=1
25.,Un poco amplio,"Reviewed in Mexico on January 12, 2024",5.0 out of 5 stars,5.0,https://www.amazon.com/GAP-Short-Sleeve-Outfit-GALAXY/dp/B0B6DFY3ST/ref=cm_cr_arp_d_product_top?ie=UTF8&th=1&psc=1
25.,"Le qued√≥ precioso a mi nietito, aunque le servir√° por poco tiempo. Aconsejo comprar una talla m√°s grande. Parece de muy linda calidad!!","Reviewed in Mexico on October 5, 2023",5.0 out of 5 stars,5.0,https://www.amazon.com/GAP-Short-Sleeve-Outfit-GALAXY/dp/B0B6DFY3ST/ref=cm_cr_arp_d_product_top?ie=UTF8&th=1&psc=1
29.,Calidad superior,"Reviewed in the United States on August 10, 2024",5.0 out of 5 stars,5.0,https://www.amazon.com/GAP-Boys-Skinny-Jeans-Black/dp/B0CCBC13YQ/ref=cm_cr_arp_d_product_top?ie=UTF8&th=1&psc=1
29.,"Es un jean de muy buena calidad, la elasticidad es lo mejor, se siente muy c√≥modo y de calidad, este tipo de prenda no es f√°cil conseguir en mi pa√≠s, la ropa de Gap es de muy buena calidad y de precios aun mejores, solamente es que en la bota de esta prenda se siente acampanado despu√©s del lavado, pero se soluciona teniendo una talla anterior o recomiendo no modificar el fit o entallarlo puesto se genera este acampanamiento en la bota tal vez por ser tan el√°stica la prenda... pero son muy buenos.","Reviewed in the United States on April 18, 2024",5.0 out of 5 stars,5.0,https://www.amazon.com/GAP-Boys-Skinny-Jeans-Black/dp/B0CCBC13YQ/ref=cm_cr_arp_d_product_top?ie=UTF8&th=1&psc=1
29.,These pants are absolutely adorable! They are great material and very fashionable. The quality of the material can‚Äôt be beat. The size was spot on and for the price I‚Äôd say you can not find another pair like them. The material is very durable and my son says they are super comfortable,"Reviewed in the United States on April 13, 2024",5.0 out of 5 stars,5.0,https://www.amazon.com/GAP-Boys-Skinny-Jeans-Black/dp/B0CCBC13YQ/ref=cm_cr_arp_d_product_top?ie=UTF8&th=1&psc=1
29.,Descent looking priced toddler jeans. Fit the look we were going for. Ok purchase,"Reviewed in the United States on July 21, 2024",4.0 out of 5 stars,4.0,https://www.amazon.com/GAP-Boys-Skinny-Jeans-Black/dp/B0CCBC13YQ/ref=cm_cr_arp_d_product_top?ie=UTF8&th=1&psc=1
29.,"Comodos, colores s√≥lidos, excelente calidad.","Reviewed in the United States on May 31, 2024",5.0 out of 5 stars,5.0,https://www.amazon.com/GAP-Boys-Skinny-Jeans-Black/dp/B0CCBC13YQ/ref=cm_cr_arp_d_product_top?ie=UTF8&th=1&psc=1
29.,"This product is well-made. The fit is excellent for children, and the material is durable. The purchase met my expectations, and my child is comfortable in these jeans","Reviewed in the United States on December 25, 2023",5.0 out of 5 stars,5.0,https://www.amazon.com/GAP-Boys-Skinny-Jeans-Black/dp/B0CCBC13YQ/ref=cm_cr_arp_d_product_top?ie=UTF8&th=1&psc=1
29.,"These are the only pants that fit my tall, thin kid and he is still comfortable in. Adjustable waistband is very helpful, I can make it tight enough, the pants don't fall down, but still has stretch and room to move. I also like the hook closure, as he has trouble with buttons and large snaps.","Reviewed in the United States on July 18, 2023",5.0 out of 5 stars,5.0,https://www.amazon.com/GAP-Boys-Skinny-Jeans-Black/dp/B0CCBC13YQ/ref=cm_cr_arp_d_product_top?ie=UTF8&th=1&psc=1
29.,"I purchased these jeans for my 8-year-old son and I couldn't be happier with the quality and fit. They are well-made and look fantastic on him. The sizing is accurate and the adjustable waistband ensures a comfortable fit. I especially appreciate the durability of the material, as I'm sure these jeans will make it through countless adventures and playtimes. I have no doubt that they will make it to the hand-me-down pile for my younger nephews to enjoy as well. Overall, I highly recommend these jeans. They are definitely the quality I‚Äôve come to love and expect from the Gap.","Reviewed in the United States on May 3, 2023",5.0 out of 5 stars,5.0,https://www.amazon.com/GAP-Boys-Skinny-Jeans-Black/dp/B0CCBC13YQ/ref=cm_cr_arp_d_product_top?ie=UTF8&th=1&psc=1
25.,"Bought it for a great price. Looks great. Goes with different outfits perfectly. Super soft, and breathable. Fits like it was made for me.","Reviewed in the United States on October 11, 2023",5.0 out of 5 stars,5.0,https://www.amazon.com/GAP-Untucked-Flannel-Button-Blackwatch/dp/B09VS6TS69/ref=cm_cr_arp_d_product_top?ie=UTF8&th=1&psc=1
25.,Great shirt. Size runs a little small. Large fits more like medium. if you leave it unbuttoned  it looks good and is comfortable.,"Reviewed in the United States on December 11, 2023",5.0 out of 5 stars,5.0,https://www.amazon.com/GAP-Untucked-Flannel-Button-Blackwatch/dp/B09VS6TS69/ref=cm_cr_arp_d_product_top?ie=UTF8&th=1&psc=1
25.,"The colors are vibrant, the is true to size. It is a good shirt. However this is not the good thick quality GAP flannel shirt that i bought at the GAP store about 10 years ago. Guess everything IS changing....","Reviewed in the United States on June 4, 2024",4.0 out of 5 stars,4.0,https://www.amazon.com/GAP-Untucked-Flannel-Button-Blackwatch/dp/B09VS6TS69/ref=cm_cr_arp_d_product_top?ie=UTF8&th=1&psc=1
25.,"Not too heavy, not too thin. Fits great. Great shirt.","Reviewed in the United States on December 19, 2023",5.0 out of 5 stars,5.0,https://www.amazon.com/GAP-Untucked-Flannel-Button-Blackwatch/dp/B09VS6TS69/ref=cm_cr_arp_d_product_top?ie=UTF8&th=1&psc=1
25.,"Got it, like it, it fit like it should, looks great, great comfort. What more can I ask","Reviewed in the United States on September 12, 2023",5.0 out of 5 stars,5.0,https://www.amazon.com/GAP-Untucked-Flannel-Button-Blackwatch/dp/B09VS6TS69/ref=cm_cr_arp_d_product_top?ie=UTF8&th=1&psc=1
25.,"Sleeves were rolled up when I received it and cuff button about to fall off, other than that great.","Reviewed in the United States on March 16, 2023",3.0 out of 5 stars,3.0,https://www.amazon.com/GAP-Untucked-Flannel-Button-Blackwatch/dp/B09VS6TS69/ref=cm_cr_arp_d_product_top?ie=UTF8&th=1&psc=1
25.,"But the colors aren‚Äôt as bold as the picture. I liked the color it actually is better, but it‚Äôs more like a powdery yellow and beige. Fit amazing, and quality was amazing","Reviewed in the United States on October 4, 2023",5.0 out of 5 stars,5.0,https://www.amazon.com/GAP-Untucked-Flannel-Button-Blackwatch/dp/B09VS6TS69/ref=cm_cr_arp_d_product_top?ie=UTF8&th=1&psc=1
25.,THE SHIRT WITH THE CLASSIC FIT IS GOOD BUT WRINKLES EASILY,"Reviewed in the United States on July 9, 2024",4.0 out of 5 stars,4.0,https://www.amazon.com/GAP-Untucked-Flannel-Button-Blackwatch/dp/B09VS6TS69/ref=cm_cr_arp_d_product_top?ie=UTF8&th=1&psc=1
25.,"Camisa de franela de buena calidad, excelente para los meses de fr√≠o.","Reviewed in Mexico on November 28, 2023",5.0 out of 5 stars,5.0,https://www.amazon.com/GAP-Untucked-Flannel-Button-Blackwatch/dp/B09VS6TS69/ref=cm_cr_arp_d_product_top?ie=UTF8&th=1&psc=1
25.,"sch√∂ne Farben, auch nach der W√§sche angenehm, kein Slim! aufpassen bei Figur mit B√§uchlein :)","Reviewed in Germany on November 23, 2023",5.0 out of 5 stars,5.0,https://www.amazon.com/GAP-Untucked-Flannel-Button-Blackwatch/dp/B09VS6TS69/ref=cm_cr_arp_d_product_top?ie=UTF8&th=1&psc=1
25.,ESTA MUY BIEN LA CAMISA DE FRANELA SUPER CHIDA,"Reviewed in Mexico on November 6, 2023",5.0 out of 5 stars,5.0,https://www.amazon.com/GAP-Untucked-Flannel-Button-Blackwatch/dp/B09VS6TS69/ref=cm_cr_arp_d_product_top?ie=UTF8&th=1&psc=1
25.,"Es una camisa excelente no tuve ning√∫n problema cuando me la medi, la tela se siente bien, el corte est√° perr√≥n, no encogi√≥ en la primera lavada. Sin duda volver√© a comprar otra. Hay que prepararse para el oto√±o e invierno","Reviewed in Mexico on June 15, 2023",5.0 out of 5 stars,5.0,https://www.amazon.com/GAP-Untucked-Flannel-Button-Blackwatch/dp/B09VS6TS69/ref=cm_cr_arp_d_product_top?ie=UTF8&th=1&psc=1
25.,"Muy bonita, a la talla y de excelente calidad la franela.","Reviewed in Mexico on June 16, 2023",5.0 out of 5 stars,5.0,https://www.amazon.com/GAP-Untucked-Flannel-Button-Blackwatch/dp/B09VS6TS69/ref=cm_cr_arp_d_product_top?ie=UTF8&th=1&psc=1
40.,Purchased to wear for my baby shower. Very cute and super flattering.,"Reviewed in the United States on August 2, 2023",5.0 out of 5 stars,5.0,https://www.amazon.com/GAP-Womens-Short-Sleeve-Uniform/dp/B0B6CX3RKT/ref=cm_cr_arp_d_product_top?ie=UTF8&th=1&psc=1
40.,I bought this dress and I just tried one and I did not like the material( to me it‚Äôs not the quality of gap clothing) I thought it was going to be soft just like the clothes from gap. It is not. It runs smallToo. I ordered M and around the arms is super tide.I won‚Äôt be wearing it.:(,"Reviewed in the United States on June 3, 2023",1.0 out of 5 stars,1.0,https://www.amazon.com/GAP-Womens-Short-Sleeve-Uniform/dp/B0B6CX3RKT/ref=cm_cr_arp_d_product_top?ie=UTF8&th=1&psc=1
40.,I‚Äôm not pregnant but this dress looks pretty darn good on me.,"Reviewed in the United States on July 14, 2023",5.0 out of 5 stars,5.0,https://www.amazon.com/GAP-Womens-Short-Sleeve-Uniform/dp/B0B6CX3RKT/ref=cm_cr_arp_d_product_top?ie=UTF8&th=1&psc=1
40.,I consider this a very nice dress. I love the fabric and style.,"Reviewed in the United States on February 27, 2023",5.0 out of 5 stars,5.0,https://www.amazon.com/GAP-Womens-Short-Sleeve-Uniform/dp/B0B6CX3RKT/ref=cm_cr_arp_d_product_top?ie=UTF8&th=1&psc=1
40.,"Somehow I missed the memo that this is maternity. I chose it for my very,very skinny 13 year old. It fits her, she loves it‚Ä¶. I am not sure how it could possibly fit a large belly, but it is comfy and attractive. I guess that means that you could buy it at the earliest stages of your pregnancy and get your moneys worth? If you aren‚Äôt breastfeeding, you could also wear it postpartum. I‚Äôm assuming that it fits shorter the larger you get throughout pregnancy.","Reviewed in the United States on March 30, 2023",4.0 out of 5 stars,4.0,https://www.amazon.com/GAP-Womens-Short-Sleeve-Uniform/dp/B0B6CX3RKT/ref=cm_cr_arp_d_product_top?ie=UTF8&th=1&psc=1
40.,"This would be a nice maternity dress for church or working somewhere that required buisness attire. It‚Äôs somewhat formal, but more of a business casual look (in my opinion). The material is very nice and the fit is great. We just started TTC and I‚Äôm currently 155 lbs at 5‚Äô6‚Äù.I ordered the medium and have plenty of room to grow into this in the belly area, although it also still looks great pre-pregnancy as it has the tie-able ribbon around the waist. It falls just below my knees, but with a small slit on the side.Overall a great dress, but I‚Äôm not sure it‚Äôs my style. You also can‚Äôt breastfeed in this, so they weren‚Äôt taking that into account. I like to purchase clothing that I can continue to wear after having the baby too, but I‚Äôm still happy to have this for special occasions","Reviewed in the United States on March 20, 2023",4.0 out of 5 stars,4.0,https://www.amazon.com/GAP-Womens-Short-Sleeve-Uniform/dp/B0B6CX3RKT/ref=cm_cr_arp_d_product_top?ie=UTF8&th=1&psc=1
40.,"This is overall a very nice maternity dress.  It's simple and classy, and looks like the kind of dress you'd wear whether you were pregnant or not.  The blue is great, and it's comfortable cotton and easy to care for.  The fit is very nice, except the tummy area.  It's forgiving, but almost more like a regular quite loose dress would be forgiving.  I think it would work well until about the last trimester, when it would look like a regular but loose fitting dress being worn in place of a maternity dress.  And that's fine---maybe you want something for earlier in the pregnancy---but in the balance of looking not classically maternity style with fitting maternity style, it goes a little to the not looking maternity style side!","Reviewed in the United States on April 8, 2023",4.0 out of 5 stars,4.0,https://www.amazon.com/GAP-Womens-Short-Sleeve-Uniform/dp/B0B6CX3RKT/ref=cm_cr_arp_d_product_top?ie=UTF8&th=1&psc=1
25.,This tee is for my daughter. Super cute and easy to add jeans or shorts. Definitely worth the price. Being that it‚Äôs GAP. Washes well too. SIZE 8,"Reviewed in the United States on July 22, 2023",5.0 out of 5 stars,5.0,https://www.amazon.com/GAP-Girls-Sleeve-T-Shirt-Wednesday/dp/B09V8CC9NB/ref=cm_cr_arp_d_product_top?ie=UTF8&th=1&psc=1
25.,Shirt is cute and my granddaughter loves it. Fits her perfectly.,"Reviewed in the United States on August 2, 2023",5.0 out of 5 stars,5.0,https://www.amazon.com/GAP-Girls-Sleeve-T-Shirt-Wednesday/dp/B09V8CC9NB/ref=cm_cr_arp_d_product_top?ie=UTF8&th=1&psc=1
25.,Exact size. Perfect fit,"Reviewed in the United States on October 20, 2023",5.0 out of 5 stars,5.0,https://www.amazon.com/GAP-Girls-Sleeve-T-Shirt-Wednesday/dp/B09V8CC9NB/ref=cm_cr_arp_d_product_top?ie=UTF8&th=1&psc=1
25.,"This shirt was very small for the size I ordered. Fortunately, although it did not fit the intended granddaughter, it did fit her younger sister. Really cute!","Reviewed in the United States on October 24, 2023",4.0 out of 5 stars,4.0,https://www.amazon.com/GAP-Girls-Sleeve-T-Shirt-Wednesday/dp/B09V8CC9NB/ref=cm_cr_arp_d_product_top?ie=UTF8&th=1&psc=1
25.,I bought one for each granddaughter. They loved the light colored ones with flowers but not the red. It's hard to know about nearly teenagers.,"Reviewed in the United States on June 1, 2023",5.0 out of 5 stars,5.0,https://www.amazon.com/GAP-Girls-Sleeve-T-Shirt-Wednesday/dp/B09V8CC9NB/ref=cm_cr_arp_d_product_top?ie=UTF8&th=1&psc=1
25.,Cute shirt and colors but runs small. Ordered large for my daughter who wears 10/12 tops but it fits like a medium 7/8. Order 1 to 2 sizes up as this is more of a fitted shirt anyway.,"Reviewed in the United States on October 13, 2023",3.0 out of 5 stars,3.0,https://www.amazon.com/GAP-Girls-Sleeve-T-Shirt-Wednesday/dp/B09V8CC9NB/ref=cm_cr_arp_d_product_top?ie=UTF8&th=1&psc=1
25.,"Gave as gift too late to return ... embarrassing as can be. Helen Keller & Stevie Wonder would've  caught this issue. Anyways, wish I could have got a pic b4 tossed out but cam wouldn't connect? So shirt look OK until unfolded then I saw several small 4 or 5 small holes all in mid section. It was faded in same mid section area almost like it had been bleached & fabric weakened b4 dye process? It was also VERY small and I know GAP, 100% cotton.shrinks a ton as expected so SIZE UP! if u want extra wiggle room.","Reviewed in the United States on September 13, 2023",1.0 out of 5 stars,1.0,https://www.amazon.com/GAP-Girls-Sleeve-T-Shirt-Wednesday/dp/B09V8CC9NB/ref=cm_cr_arp_d_product_top?ie=UTF8&th=1&psc=1
25.,el color es muy lindo,"Reviewed in the United States on September 18, 2023",5.0 out of 5 stars,5.0,https://www.amazon.com/GAP-Girls-Sleeve-T-Shirt-Wednesday/dp/B09V8CC9NB/ref=cm_cr_arp_d_product_top?ie=UTF8&th=1&psc=1
25.,Exelente,"Reviewed in Mexico on December 20, 2022",5.0 out of 5 stars,5.0,https://www.amazon.com/GAP-Girls-Sleeve-T-Shirt-Wednesday/dp/B09V8CC9NB/ref=cm_cr_arp_d_product_top?ie=UTF8&th=1&psc=1
25.,"Fue regalo para mi hija, le gust√≥ mucho el modelo, estoy contenta con la compra","Reviewed in Mexico on September 10, 2023",4.0 out of 5 stars,4.0,https://www.amazon.com/GAP-Girls-Sleeve-T-Shirt-Wednesday/dp/B09V8CC9NB/ref=cm_cr_arp_d_product_top?ie=UTF8&th=1&psc=1
25.,"Es calidad baja, honestamente pens√© que ser√≠a mejor material.","Reviewed in Mexico on August 3, 2023",3.0 out of 5 stars,3.0,https://www.amazon.com/GAP-Girls-Sleeve-T-Shirt-Wednesday/dp/B09V8CC9NB/ref=cm_cr_arp_d_product_top?ie=UTF8&th=1&psc=1
25.,La compr√© talla 12 para mi hija de 11 a√±os y a√∫n as√≠ le qued√≥ muy peque√±a se ve de buena calidad pero esa talla que dice 12 debe ser como para 8 a√±os,"Reviewed in Mexico on August 4, 2023",2.0 out of 5 stars,2.0,https://www.amazon.com/GAP-Girls-Sleeve-T-Shirt-Wednesday/dp/B09V8CC9NB/ref=cm_cr_arp_d_product_top?ie=UTF8&th=1&psc=1
17.,We love naming all the fruits! Super cute!,"Reviewed in the United States on July 9, 2023",5.0 out of 5 stars,5.0,https://www.amazon.com/GAP-Girls-Skater-Dress-Floral/dp/B0B6D4B8T4/ref=cm_cr_arp_d_product_top?ie=UTF8&th=1&psc=1
17.,"This Gap skater dress is adorable, and we love that it's made of 100% cotton.  Our daughter is almost 16 months old, but she's wearing 24m and 2T clothing, and this dress fits well on her.  It's still a little long for her height, but the fit is otherwise good.The ""pull on"" closure mentioned in the product description just means that it's a pullover like a regular t-shirt.  There are no extra buttons to widen the collar.  The collar isn't very stretchy, so it's a little difficult to pull this dress over our daughter's 80th percentile head, but it does fit.I'd give this dress 5 stars if Gap just included some extra buttons to wide the collar when putting the dress on.  Otherwise, it's very comfy and looks very cute.","Reviewed in the United States on May 22, 2023",4.0 out of 5 stars,4.0,https://www.amazon.com/GAP-Girls-Skater-Dress-Floral/dp/B0B6D4B8T4/ref=cm_cr_arp_d_product_top?ie=UTF8&th=1&psc=1
17.,"This is the second time I have ordered a dress from GAP on amazon for my one year old. I tried 12-18 to small and now 18-24 still really to small. I am not sure if sizing is off , but the dress itself is super cute and good quality. For reference my one year old is 32 inches long and 22lbs.","Reviewed in the United States on June 1, 2023",3.0 out of 5 stars,3.0,https://www.amazon.com/GAP-Girls-Skater-Dress-Floral/dp/B0B6D4B8T4/ref=cm_cr_arp_d_product_top?ie=UTF8&th=1&psc=1
17.,"This dress fit my daughter true to size and is so cute. It did not shrink once washed and is great quality! It isn‚Äôt short like many dresses I get for my daughter are, which I love!","Reviewed in the United States on October 17, 2023",5.0 out of 5 stars,5.0,https://www.amazon.com/GAP-Girls-Skater-Dress-Floral/dp/B0B6D4B8T4/ref=cm_cr_arp_d_product_top?ie=UTF8&th=1&psc=1
17.,"Ordered this beautiful dress in 12-18 Months as a Baby Shower gift, and the mother was thrilled to receive it. It's a gorgeous floral pattern on a classic skater dress in 100% cotton.  Unlike some brands, GAP always delivers very high quality clothing that keeps classic styles looking fresh, and you can't go wrong with the brand. I'd highly recommend this dress as a gift for any baby girl out there - you will be a gift-giving hero!","Reviewed in the United States on July 21, 2023",5.0 out of 5 stars,5.0,https://www.amazon.com/GAP-Girls-Skater-Dress-Floral/dp/B0B6D4B8T4/ref=cm_cr_arp_d_product_top?ie=UTF8&th=1&psc=1
17.,"This is a very cute, very lightweight, what I would consider a ""t-shirt"" dress.  The outline is that of a skater dress but the dress itself feels very much like a t-shirt material.  Sizing on this one I bought is 12-18 months but with all GAP items, it's important to check the ht/wt recommendations.  I included the tag photo for size reference.  I find that GAP items run big on my children and they more closely fit the top end of the weight range.  For example, my 30lb toddler that is almost 3 can still wear size 12-18 months in GAP items.","Reviewed in the United States on May 26, 2023",4.0 out of 5 stars,4.0,https://www.amazon.com/GAP-Girls-Skater-Dress-Floral/dp/B0B6D4B8T4/ref=cm_cr_arp_d_product_top?ie=UTF8&th=1&psc=1
17.,"This is a beautiful dress for a little girl. High recommend. This is a gap dress so anyone familiar with Gap, knows what they're getting. A great gift.","Reviewed in the United States on July 22, 2023",5.0 out of 5 stars,5.0,https://www.amazon.com/GAP-Girls-Skater-Dress-Floral/dp/B0B6D4B8T4/ref=cm_cr_arp_d_product_top?ie=UTF8&th=1&psc=1
17.,"This dress is too cute - love the pattern and the fact that it's 100% cotton.  Like most GAP clothing, the sizing is a hit or miss.  This one is a little big on her, but I'm guessing that after a few washings it'll shrink up a bit.  She loves it and it is cool and comfortable for summer.","Reviewed in the United States on May 26, 2023",4.0 out of 5 stars,4.0,https://www.amazon.com/GAP-Girls-Skater-Dress-Floral/dp/B0B6D4B8T4/ref=cm_cr_arp_d_product_top?ie=UTF8&th=1&psc=1
30.,"I bought these for my kids to take to camp, and they‚Äôre perfect for that (and for lounging around). The only thing we don‚Äôt love- the tie on the front does not actually tighten the pants, it‚Äôs just decorative.","Reviewed in the United States on July 9, 2023",4.0 out of 5 stars,4.0,https://www.amazon.com/GAP-Girls-Pull-Joggers-MediumStandard/dp/B09W8Y9LX3/ref=cm_cr_arp_d_product_top?ie=UTF8&th=1&psc=1
9.,"Socks need to stay up - especially inside of boots. When the elastic at the top isn‚Äôt right, I get what I call ‚Äúsock slippage.‚Äù GAP socks are soft and stay up!! I‚Äôm a happy customer.","Reviewed in the United States on April 27, 2024",5.0 out of 5 stars,5.0,https://www.amazon.com/GAP-282680-womens-Crew-Socks/dp/B09R3MX7LT/ref=cm_cr_arp_d_product_top?ie=UTF8&th=1&psc=1
9.,"I had been looking forever to find the right NAVY crew socks to wear with jeans & casual slacks. I shopped all over (including Big Name Dept. stores) & NONE could satisfy me with what I wanted. Decided to try again....""SURPRISE""  I found the Perfect NAVY Gap Crew Socks right here at ""AMAZON"" that I've been looking for. They are Soft, Stretchy & aren't THIN at all....they feel so good on my feet, one day I forgot I had them on!!! I'm ordering more before they are SOLD OUT!","Reviewed in the United States on October 26, 2023",5.0 out of 5 stars,5.0,https://www.amazon.com/GAP-282680-womens-Crew-Socks/dp/B09R3MX7LT/ref=cm_cr_arp_d_product_top?ie=UTF8&th=1&psc=1
9.,The socks are a light to medium weight. They are very soft but do not slip down in your shoe. Work well with slip on flats.,"Reviewed in the United States on November 2, 2023",4.0 out of 5 stars,4.0,https://www.amazon.com/GAP-282680-womens-Crew-Socks/dp/B09R3MX7LT/ref=cm_cr_arp_d_product_top?ie=UTF8&th=1&psc=1
9.,Comfortable and wash well.  Not thick ‚Äî bought them to wear with dress loafers.,"Reviewed in the United States on December 6, 2023",5.0 out of 5 stars,5.0,https://www.amazon.com/GAP-282680-womens-Crew-Socks/dp/B09R3MX7LT/ref=cm_cr_arp_d_product_top?ie=UTF8&th=1&psc=1
9.,"So happy I found these!  I like a thinner sock for wearing with jeans or dress pants.  Good cotton content, and very comfortable.  Great price too so I stocked up. I got them in Navy and Black!  Nice deep colors!","Reviewed in the United States on May 13, 2023",5.0 out of 5 stars,5.0,https://www.amazon.com/GAP-282680-womens-Crew-Socks/dp/B09R3MX7LT/ref=cm_cr_arp_d_product_top?ie=UTF8&th=1&psc=1
9.,"My new favorite socks hands down. Comfortable, not overly tight but they don‚Äôt mysteriously grow through the day like most do. They stay in place, I got them in navy black and gray.","Reviewed in the United States on September 26, 2023",5.0 out of 5 stars,5.0,https://www.amazon.com/GAP-282680-womens-Crew-Socks/dp/B09R3MX7LT/ref=cm_cr_arp_d_product_top?ie=UTF8&th=1&psc=1
9.,"I usually find women's socks don't fit my feet well (I have wide feet), but these are well made, soft and stretchy. I wash them in cold water and line dry to avoid shrinkage.  Very comfortable with just the right thickness.","Reviewed in the United States on June 14, 2023",5.0 out of 5 stars,5.0,https://www.amazon.com/GAP-282680-womens-Crew-Socks/dp/B09R3MX7LT/ref=cm_cr_arp_d_product_top?ie=UTF8&th=1&psc=1
9.,I love these socks! Bought them in black and navy. Perfect with flats and slip on sneakers that I wear all the time. They are so comfortable and the top never pinches your leg.I highlyüåüüåüüåüüåüüåürecommend them!,"Reviewed in the United States on October 20, 2023",5.0 out of 5 stars,5.0,https://www.amazon.com/GAP-282680-womens-Crew-Socks/dp/B09R3MX7LT/ref=cm_cr_arp_d_product_top?ie=UTF8&th=1&psc=1
21.,"I've been a fan of Gap clothing for years, and their men's Vintage Logo Short Sleeve Tee T-Shirt is no exception. It's a classic, basic t-shirt that's made from high-quality materials and construction. The shirt is made from 100% cotton, and it has a soft, comfortable feel. The fit is true to size, and the shirt is long enough to cover your midriff without being too baggy. The logo is embroidered on the front of the shirt, and it's a subtle but stylish touch.I've worn this shirt on a variety of occasions, and it's always been a hit. It's perfect for everyday wear, and it can also be dressed up or down. I've worn it with jeans, shorts, and even a suit, and it always looks great.The price of this shirt is also very reasonable. For a quality t-shirt that's made to last, I think it's a great value. Overall, I'm very happy with this shirt, and I would definitely recommend it to others.Pros:Made from high-quality materialsSoft, comfortable feelTrue to sizeSubtle but stylish logoAffordable priceCons:None that I can think of!Overall:A great basic t-shirt that's perfect for everyday wear. I highly recommend it!","Reviewed in the United States on April 20, 2023",5.0 out of 5 stars,5.0,https://www.amazon.com/GAP-Vintage-Sleeve-T-Shirt-X-Small/dp/B09VRXCPCW/ref=cm_cr_arp_d_product_top?ie=UTF8&th=1&psc=1
21.,"Bought for my husband and fits to correct size. Made well and retro, color is mellow and looks great on him with his dark blue eyes!","Reviewed in the United States on December 13, 2023",5.0 out of 5 stars,5.0,https://www.amazon.com/GAP-Vintage-Sleeve-T-Shirt-X-Small/dp/B09VRXCPCW/ref=cm_cr_arp_d_product_top?ie=UTF8&th=1&psc=1
21.,Not what i was expecting,"Reviewed in the United States on July 8, 2023",4.0 out of 5 stars,4.0,https://www.amazon.com/GAP-Vintage-Sleeve-T-Shirt-X-Small/dp/B09VRXCPCW/ref=cm_cr_arp_d_product_top?ie=UTF8&th=1&psc=1
21.,Est√° bien la tela nada mal,"Reviewed in the United States on August 29, 2024",5.0 out of 5 stars,5.0,https://www.amazon.com/GAP-Vintage-Sleeve-T-Shirt-X-Small/dp/B09VRXCPCW/ref=cm_cr_arp_d_product_top?ie=UTF8&th=1&psc=1
21.,"Dope shirt, and feels nice. I bought this for me, and me is a Girl..I ordered mine to be a little oversized. Because I also like to wear it with biker shorts, or kinda lose ripped Levi short shorts. and it gives the illusion that it‚Äôs a shirt dress. Wish there were more colors, only downside. Oh and I am not 5‚Äô11 I don‚Äôt know why it says that. I‚Äôm 5‚Äô4 and 151 pounds","Reviewed in the United States on August 5, 2023",5.0 out of 5 stars,5.0,https://www.amazon.com/GAP-Vintage-Sleeve-T-Shirt-X-Small/dp/B09VRXCPCW/ref=cm_cr_arp_d_product_top?ie=UTF8&th=1&psc=1
21.,Good fitting good looking,"Reviewed in the United States on June 18, 2024",5.0 out of 5 stars,5.0,https://www.amazon.com/GAP-Vintage-Sleeve-T-Shirt-X-Small/dp/B09VRXCPCW/ref=cm_cr_arp_d_product_top?ie=UTF8&th=1&psc=1
21.,Thank you,"Reviewed in the United States on June 19, 2024",5.0 out of 5 stars,5.0,https://www.amazon.com/GAP-Vintage-Sleeve-T-Shirt-X-Small/dp/B09VRXCPCW/ref=cm_cr_arp_d_product_top?ie=UTF8&th=1&psc=1
21.,"After a short use, I noticed that the quality of the fabric is not good and the shirt no longer looks good","Reviewed in the United States on June 26, 2023",3.0 out of 5 stars,3.0,https://www.amazon.com/GAP-Vintage-Sleeve-T-Shirt-X-Small/dp/B09VRXCPCW/ref=cm_cr_arp_d_product_top?ie=UTF8&th=1&psc=1
21.,"Bonito color, corte y calidad de tela.","Reviewed in Mexico on December 8, 2023",5.0 out of 5 stars,5.0,https://www.amazon.com/GAP-Vintage-Sleeve-T-Shirt-X-Small/dp/B09VRXCPCW/ref=cm_cr_arp_d_product_top?ie=UTF8&th=1&psc=1
21.,Parfait pour l'√©t√©,"Reviewed in Canada on April 18, 2023",5.0 out of 5 stars,5.0,https://www.amazon.com/GAP-Vintage-Sleeve-T-Shirt-X-Small/dp/B09VRXCPCW/ref=cm_cr_arp_d_product_top?ie=UTF8&th=1&psc=1
21.,"Amazon Almanya'dan geldi, o yuzden 200 tl daha fazla √∂dedim. Aynƒ± modeli GAP maƒüazasƒ±nda bulamadƒ±m ama aynƒ± kalitede √ºr√ºnler daha ucuz kendi maƒüazalarƒ±nda. Yine de g√ºzel, kullanƒ±≈ülƒ± bir tshirt.","Reviewed in Turkey on August 16, 2023",5.0 out of 5 stars,5.0,https://www.amazon.com/GAP-Vintage-Sleeve-T-Shirt-X-Small/dp/B09VRXCPCW/ref=cm_cr_arp_d_product_top?ie=UTF8&th=1&psc=1
21.,"Est√° bien , pero el algod√≥n es muy delgado y la talla bien bien","Reviewed in Mexico on October 19, 2023",3.0 out of 5 stars,3.0,https://www.amazon.com/GAP-Vintage-Sleeve-T-Shirt-X-Small/dp/B09VRXCPCW/ref=cm_cr_arp_d_product_top?ie=UTF8&th=1&psc=1
